{"cameraMode":{"drawMode":0,"name":"Shaded","section":"Shading Mode"},"sceneLighting":true,"audioPlay":false,"sceneViewState":{"showFog":true,"showMaterialUpdate":false,"showSkybox":true,"showFlares":true,"showImageEffects":true,"showParticleSystems":true},"in2DMode":false,"pivot":{"x":5.135019779205322,"y":-6.587023735046387,"z":-1.8005914688110352},"rotation":{"x":-0.23233279585838319,"y":-0.7668982148170471,"z":0.4423680007457733,"w":-0.4027596712112427},"size":20.59113121032715,"orthographic":false}