{"cameraMode":{"drawMode":0,"name":"Shaded","section":"Shading Mode"},"sceneLighting":true,"audioPlay":false,"sceneViewState":{"showFog":true,"showMaterialUpdate":false,"showSkybox":true,"showFlares":true,"showImageEffects":true,"showParticleSystems":true},"in2DMode":false,"pivot":{"x":1.9605400562286378,"y":-18.68610382080078,"z":-10.159438133239746},"rotation":{"x":0.0429624542593956,"y":0.858008861541748,"z":-0.5066489577293396,"w":0.07276085019111633},"size":35.11146545410156,"orthographic":false}