{"cameraMode":{"drawMode":0,"name":"Shaded","section":"Shading Mode"},"sceneLighting":false,"audioPlay":false,"sceneViewState":{"showFog":true,"showMaterialUpdate":false,"showSkybox":false,"showFlares":true,"showImageEffects":true,"showParticleSystems":true},"in2DMode":false,"pivot":{"x":-21.349842071533204,"y":15.190568923950196,"z":-113.49273681640625},"rotation":{"x":0.4133469760417938,"y":0.29152581095695498,"z":-0.14153170585632325,"w":0.8510738611221314},"size":23.334524154663087,"orthographic":false}