{"cameraMode":{"drawMode":0,"name":"Shaded","section":"Shading Mode"},"sceneLighting":false,"audioPlay":false,"sceneViewState":{"showFog":true,"showMaterialUpdate":false,"showSkybox":false,"showFlares":true,"showImageEffects":true,"showParticleSystems":true},"in2DMode":false,"pivot":{"x":-52.0775146484375,"y":-41.10846710205078,"z":64.41664123535156},"rotation":{"x":0.22163374722003938,"y":-0.7769749164581299,"z":0.44236376881599429,"w":0.389566570520401},"size":356.99346923828127,"orthographic":false}